Protein,Nucleic Acid,label
ATIKDVAKRANVSTTTVSHVINKTRFVAEETRNAVWAAIKELHYSPSAVARSLKVNHTKSIGLLATSSEAAYFAEIIEAVEKNCFQKGYTLILGNAWNNLEKQRAYLSMMAQKRVDGLLVMCSEYPEPLLAMLEEYRHIPMVVMDFGEAKADFTDAVIDNAFEGGYMAGRYLIERGHREIGVIPGPLERNTGAGRLAGFMKAMEEAMIKVPESWIVQGDFEPESGYRAMQQILSQPHRPTAVFCGGDIMAMGALCAADEMGLRVPQDVSLIGYDNVRNARYFTPALTTIHQPKDSLGETAFNMLLDRIVNKREEPQSIEVHPRLIERRSVADGPFRDYRR,TACGCAAACGTTTGCGT,-11.802875159235086
MAHHHHHHVDDDDKMLVPRGSENLYFQGSAMDPPTFTFNFNNEPWVRGRHETYLCFTMEVVKHHSPVSWKRGVFRNQVDPETHCHAERCFLSWFCDDILSPNTNYEVTWYTSWSPCPECAGEVAEFLARHSNVNLTIFTARLYYFWDTDYQEGLRSLSQEGASVEIMGYKDFKYCWENFVYNDDEPFKPWKGLKYNFLFLDSKLQEILE,ATTTTCAAT,-5.990113463295431
VKCFNCGKEGHIARNCRA,ACGCC,-6.760069352323791
GSDPQVLRGSGHCKWFNVRMGFGFISMTSREGSPLENPVDVFVHQSKLYMEGFRSLKEGEPVEFTFKKSSKGFESLRVTGPGGNPCLGNE,TTTTTTT,-9.855497452528263
CNMKQEQMRLANQLCFSAYNVSRLFAQFYEKKLKQFGITYSQYLVLLTLWEENPQTLNSIGRHLDLSSNTLTPMLKRLEQSGWVKRERQQSDKRQLIITLTDNGQQQQEAVFEAISSCLPQEFDTTEYDETKYVFEELEQTLKHLIEK,TAACTCAATCGCGCGCGATTGAGT,-8.873226602795738
MSSGKKPVKVKTPAGKEAELVPEKVWALGRVKIGLFKDPETGKYFRHKLPDDYPI,GTGATCAC,-7.876170634884501
EDISEPPLHDFYCSRLLDLVFLLDGSSRLSEAEFEVLKAFVVDMMERLRISQKWVRVAVVEYHDGSHAYIGLKDRKRPSELRRIASQVKYAGSQVASTSEVLKYTLFQIFSKIDRPEASRIALLLMASQEPQRMSRNFVRYVQGLKKKKVIVIPVGIGPHANLKQIRLIEKQAPENKAFVLSSVDELEQQRDEIVSYLCDLAPEAPPPT,GGCGTGCAGTGCCTTCGGCCGTGCGGTGCCTCCGTCACGCCT,-12.572146400351976
MNEIVVKGARVHNLKNITVRIPKNRLVVITGVSGSGKSSLAMDTIYAEGQRRYLESLSTYARQFLGNLKKPDVDEIEGLSPAIAIDQKTVSHNPRSTVGTVTEIYDYLRVLYARIGKAHCPECGRPLEKKSIDEILQDLFNSFKEGSRIYILAPVATEKKGTFKKEIEEFISKGFARIEIDGEIYRLEEVPELDKNKRHTVKLVVDRLILETRNEHRILDSLELAMREGKGFVEIRNVDTGESKIFSENLMCPVCGIGFPEITPKLFSFNSPYGACPNCHGLGFTFEVDPSLVIDEEKSVLEGAIIPYRWDRRLSRWVAREIEKRGVSPHLPFKDLPEDVKEFILYGDDRFEGVVPKVQRWHRETESPEMKEWLEKNFIVQRTCSVCGGRRLNREALSVKINGLNIHEFTELSISEELEFLKNLNLTEREREIVGELLKEIEKRLEFLVDVGLEYLTLSRSATTLSGGESQRIRLATQIGSGLTGVIYVLDEPTIGLHPRDTERLIKTLKKLRDLGNTVIVVEHDEEVIRNADHIIDIGPGGGTNGGRVVFQGTVDELLKNPDSSLTGEYLSGKRKITVNKTRRLPYASLKIKGVRHNNLKNIDVEIPLGVFVCVTGVSGSGKSSLVMETLYPALMNLLHKTKLPAGEFDSIEGHENIDKMIAIDQSPIGRTPRSNPATYTKVFDEIRSLFAMTPAAKARGYNKSRFSFNLKGGRCEACQGQGYVKIEMLFLPDVYVECDVCKGKRYNRETLEITYKGKNISDILDMTVDEALEFFKNIPSIKRTLQVLHDVGLGYVKLGQPATTLSGGEAQRIKLASELRKRDTGRTLYILDEPTVGLHFEDVRKLVEVLHRLVDRGNTVIVIEHNLDVIKNADHIIDLGPEGGKEGGYIVATGTPEEIAKNPHSYTGRFLKNVL,AGTGATCAGTGGTTCCGGAACCACTGATCACT,-11.88967521582101
GKKKRKRCGVCVPCKRLINCGVCSSCRNRKTGHQICKFRKCEELKKKPG,GCCAACGTTGGC,-9.264823227645175
MSLRSDLINALYDENQKYDVCGIISAEGKIYPLGSDTKVLSTIFELFSRPIINKIAEKHGYIVEEPKQQNHYPDFTLYKPSEPNKKIAIDIKTTYTNKENEKIKFTLGGYTSFIRNNTKNIVYPFDQYIAHWIIGYVYTRVATRKSSLKTYNINELNEIPKPYKGVKVFLQDKWVIAGDLAGSGNTTNIGSIHAHYKDFVEGKGIFDSEDEFLDYWRNYERTSQLRNDKYNNISEYRNWIYRGRK,AAAGAATTCTT,-8.242181186881368
